processed_words,model_name
zonal,moonshotai/Kimi-K2-Instruct
QUASH,moonshotai/Kimi-K2-Instruct
EKING,moonshotai/Kimi-K2-Instruct
AUDIT,moonshotai/Kimi-K2-Instruct
plant,moonshotai/Kimi-K2-Instruct
NOBLY,moonshotai/Kimi-K2-Instruct
saner,moonshotai/Kimi-K2-Instruct
GAUDY,moonshotai/Kimi-K2-Instruct
SKULL,moonshotai/Kimi-K2-Instruct
SPICE,moonshotai/Kimi-K2-Instruct
ruler,moonshotai/Kimi-K2-Instruct
baker,moonshotai/Kimi-K2-Instruct
PIQUE,moonshotai/Kimi-K2-Instruct
scamp,moonshotai/Kimi-K2-Instruct
godly,moonshotai/Kimi-K2-Instruct
giver,moonshotai/Kimi-K2-Instruct
ombre,moonshotai/Kimi-K2-Instruct
loser,moonshotai/Kimi-K2-Instruct
essay,moonshotai/Kimi-K2-Instruct
CRUMB,moonshotai/Kimi-K2-Instruct
HUSKY,moonshotai/Kimi-K2-Instruct
money,moonshotai/Kimi-K2-Instruct
SLANT,moonshotai/Kimi-K2-Instruct
shank,moonshotai/Kimi-K2-Instruct
SHANK,moonshotai/Kimi-K2-Instruct
RESET,moonshotai/Kimi-K2-Instruct
dwell,moonshotai/Kimi-K2-Instruct
TRASH,moonshotai/Kimi-K2-Instruct
joker,moonshotai/Kimi-K2-Instruct
jerky,moonshotai/Kimi-K2-Instruct
PROBE,moonshotai/Kimi-K2-Instruct
showy,moonshotai/Kimi-K2-Instruct
fleck,moonshotai/Kimi-K2-Instruct
SPADE,moonshotai/Kimi-K2-Instruct
DYING,moonshotai/Kimi-K2-Instruct
RUMOR,moonshotai/Kimi-K2-Instruct
WROTE,moonshotai/Kimi-K2-Instruct
argue,moonshotai/Kimi-K2-Instruct
COUGH,moonshotai/Kimi-K2-Instruct
drive,moonshotai/Kimi-K2-Instruct
magma,moonshotai/Kimi-K2-Instruct
MANGE,moonshotai/Kimi-K2-Instruct
rouge,moonshotai/Kimi-K2-Instruct
RECUR,moonshotai/Kimi-K2-Instruct
dwell,moonshotai/Kimi-K2-Instruct
GROWL,moonshotai/Kimi-K2-Instruct
CROOK,moonshotai/Kimi-K2-Instruct
TITAN,moonshotai/Kimi-K2-Instruct
perky,moonshotai/Kimi-K2-Instruct
argue,moonshotai/Kimi-K2-Instruct
arson,moonshotai/Kimi-K2-Instruct
WAGON,moonshotai/Kimi-K2-Instruct
bench,moonshotai/Kimi-K2-Instruct
sword,moonshotai/Kimi-K2-Instruct
MAMMY,moonshotai/Kimi-K2-Instruct
tepee,moonshotai/Kimi-K2-Instruct
quark,moonshotai/Kimi-K2-Instruct
mince,moonshotai/Kimi-K2-Instruct
tibia,moonshotai/Kimi-K2-Instruct
HENCE,moonshotai/Kimi-K2-Instruct
vicar,moonshotai/Kimi-K2-Instruct
onset,moonshotai/Kimi-K2-Instruct
LODGE,moonshotai/Kimi-K2-Instruct
ENEMA,moonshotai/Kimi-K2-Instruct
OCEAN,moonshotai/Kimi-K2-Instruct
SHEEN,moonshotai/Kimi-K2-Instruct
eight,moonshotai/Kimi-K2-Instruct
QUICK,moonshotai/Kimi-K2-Instruct
cress,moonshotai/Kimi-K2-Instruct
SHEIK,moonshotai/Kimi-K2-Instruct
MANGE,moonshotai/Kimi-K2-Instruct
SHUNT,moonshotai/Kimi-K2-Instruct
OPINE,moonshotai/Kimi-K2-Instruct
wispy,moonshotai/Kimi-K2-Instruct
crate,moonshotai/Kimi-K2-Instruct
FOLLY,moonshotai/Kimi-K2-Instruct
phony,moonshotai/Kimi-K2-Instruct
BURST,moonshotai/Kimi-K2-Instruct
FIEND,moonshotai/Kimi-K2-Instruct
SIXTY,moonshotai/Kimi-K2-Instruct
swift,moonshotai/Kimi-K2-Instruct
preen,moonshotai/Kimi-K2-Instruct
BONUS,moonshotai/Kimi-K2-Instruct
PIGGY,moonshotai/Kimi-K2-Instruct
shaky,moonshotai/Kimi-K2-Instruct
POUTY,moonshotai/Kimi-K2-Instruct
brute,moonshotai/Kimi-K2-Instruct
swift,moonshotai/Kimi-K2-Instruct
SLUNG,moonshotai/Kimi-K2-Instruct
agony,moonshotai/Kimi-K2-Instruct
swill,moonshotai/Kimi-K2-Instruct
BUXOM,moonshotai/Kimi-K2-Instruct
CRYPT,moonshotai/Kimi-K2-Instruct
PILOT,moonshotai/Kimi-K2-Instruct
CHEEK,moonshotai/Kimi-K2-Instruct
salon,moonshotai/Kimi-K2-Instruct
RIVAL,moonshotai/Kimi-K2-Instruct
phony,moonshotai/Kimi-K2-Instruct
ELDER,moonshotai/Kimi-K2-Instruct
grove,moonshotai/Kimi-K2-Instruct
GAWKY,moonshotai/Kimi-K2-Instruct
rigor,moonshotai/Kimi-K2-Instruct
EATER,moonshotai/Kimi-K2-Instruct
golly,moonshotai/Kimi-K2-Instruct
SCREW,moonshotai/Kimi-K2-Instruct
POUTY,moonshotai/Kimi-K2-Instruct
abbey,moonshotai/Kimi-K2-Instruct
SALVE,moonshotai/Kimi-K2-Instruct
SLANT,moonshotai/Kimi-K2-Instruct
SKIRT,moonshotai/Kimi-K2-Instruct
dryer,moonshotai/Kimi-K2-Instruct
FOLIO,moonshotai/Kimi-K2-Instruct
REBUT,moonshotai/Kimi-K2-Instruct
RACER,moonshotai/Kimi-K2-Instruct
ROAST,moonshotai/Kimi-K2-Instruct
PECAN,moonshotai/Kimi-K2-Instruct
FUDGE,moonshotai/Kimi-K2-Instruct
UNFED,moonshotai/Kimi-K2-Instruct
unfed,moonshotai/Kimi-K2-Instruct
corer,moonshotai/Kimi-K2-Instruct
arson,moonshotai/Kimi-K2-Instruct
saner,moonshotai/Kimi-K2-Instruct
CHART,moonshotai/Kimi-K2-Instruct
goofy,moonshotai/Kimi-K2-Instruct
TAWNY,moonshotai/Kimi-K2-Instruct
talon,moonshotai/Kimi-K2-Instruct
quote,moonshotai/Kimi-K2-Instruct
ought,moonshotai/Kimi-K2-Instruct
posit,moonshotai/Kimi-K2-Instruct
pulpy,moonshotai/Kimi-K2-Instruct
grimy,moonshotai/Kimi-K2-Instruct
SNORE,moonshotai/Kimi-K2-Instruct
knoll,moonshotai/Kimi-K2-Instruct
money,moonshotai/Kimi-K2-Instruct
GLOVE,moonshotai/Kimi-K2-Instruct
HARRY,moonshotai/Kimi-K2-Instruct
skulk,moonshotai/Kimi-K2-Instruct
POESY,moonshotai/Kimi-K2-Instruct
RENEW,moonshotai/Kimi-K2-Instruct
whoop,moonshotai/Kimi-K2-Instruct
SWORN,moonshotai/Kimi-K2-Instruct
MANIA,moonshotai/Kimi-K2-Instruct
WIDOW,moonshotai/Kimi-K2-Instruct
unite,moonshotai/Kimi-K2-Instruct
GRAFT,moonshotai/Kimi-K2-Instruct
IONIC,moonshotai/Kimi-K2-Instruct
VIOLA,moonshotai/Kimi-K2-Instruct
moldy,moonshotai/Kimi-K2-Instruct
fussy,moonshotai/Kimi-K2-Instruct
NOBLY,moonshotai/Kimi-K2-Instruct
QUICK,moonshotai/Kimi-K2-Instruct
alibi,moonshotai/Kimi-K2-Instruct
viola,moonshotai/Kimi-K2-Instruct
ANIME,moonshotai/Kimi-K2-Instruct
GRIMY,moonshotai/Kimi-K2-Instruct
FLUNG,moonshotai/Kimi-K2-Instruct
dizzy,moonshotai/Kimi-K2-Instruct
allot,moonshotai/Kimi-K2-Instruct
group,moonshotai/Kimi-K2-Instruct
junta,moonshotai/Kimi-K2-Instruct
cache,moonshotai/Kimi-K2-Instruct
sandy,moonshotai/Kimi-K2-Instruct
DAILY,moonshotai/Kimi-K2-Instruct
mouse,moonshotai/Kimi-K2-Instruct
INBOX,moonshotai/Kimi-K2-Instruct
ALGAE,moonshotai/Kimi-K2-Instruct
PLUSH,moonshotai/Kimi-K2-Instruct
teddy,moonshotai/Kimi-K2-Instruct
baker,moonshotai/Kimi-K2-Instruct
cedar,moonshotai/Kimi-K2-Instruct
SCORN,moonshotai/Kimi-K2-Instruct
cameo,moonshotai/Kimi-K2-Instruct
PANIC,moonshotai/Kimi-K2-Instruct
PROBE,moonshotai/Kimi-K2-Instruct
rival,moonshotai/Kimi-K2-Instruct
STAID,moonshotai/Kimi-K2-Instruct
widow,moonshotai/Kimi-K2-Instruct
tibia,moonshotai/Kimi-K2-Instruct
BENCH,moonshotai/Kimi-K2-Instruct
CRUMB,moonshotai/Kimi-K2-Instruct
BLOWN,moonshotai/Kimi-K2-Instruct
ELDER,moonshotai/Kimi-K2-Instruct
crock,moonshotai/Kimi-K2-Instruct
CLACK,moonshotai/Kimi-K2-Instruct
OXIDE,moonshotai/Kimi-K2-Instruct
mushy,moonshotai/Kimi-K2-Instruct
WHOOP,moonshotai/Kimi-K2-Instruct
CADDY,moonshotai/Kimi-K2-Instruct
polar,moonshotai/Kimi-K2-Instruct
below,moonshotai/Kimi-K2-Instruct
ANNOY,moonshotai/Kimi-K2-Instruct
RUMBA,moonshotai/Kimi-K2-Instruct
BRAVE,moonshotai/Kimi-K2-Instruct
chili,moonshotai/Kimi-K2-Instruct
TITAN,moonshotai/Kimi-K2-Instruct
reply,moonshotai/Kimi-K2-Instruct
buxom,moonshotai/Kimi-K2-Instruct
MINCE,moonshotai/Kimi-K2-Instruct
forth,moonshotai/Kimi-K2-Instruct
FRIAR,moonshotai/Kimi-K2-Instruct
SWORD,moonshotai/Kimi-K2-Instruct
PROOF,moonshotai/Kimi-K2-Instruct
SLUNG,moonshotai/Kimi-K2-Instruct
agent,moonshotai/Kimi-K2-Instruct
CURIO,moonshotai/Kimi-K2-Instruct
jetty,moonshotai/Kimi-K2-Instruct
OCEAN,moonshotai/Kimi-K2-Instruct
ANNOY,moonshotai/Kimi-K2-Instruct
JEWEL,moonshotai/Kimi-K2-Instruct
choke,moonshotai/Kimi-K2-Instruct
recur,moonshotai/Kimi-K2-Instruct
FOLLY,moonshotai/Kimi-K2-Instruct
