model_name,turn,correct_answer,prompt,messages,response,model_answer,model_think,feedback,curr_answer
moonshotai/Kimi-K2-Instruct,1,mafia,"<|im_system|>system<|im_middle|>### Game Rules:
- You have **6 tries** to guess a secret **5-letter** word.
- Each guess must be a valid **5-letter English word**.
- After each guess, you will receive feedback indicating how close your guess was.

### Feedback Format:
Each letter in your guess will receive one of three symbols:
1. ✓ : The letter is in the word and in the CORRECT position.
2. - : The letter is in the word but in the WRONG position.
3. x : The letter is NOT in the word.

### Example:
Secret Word: BRISK

Guess 1: STORM -> Feedback: S(-) T(x) O(x) R(-) M(x)
Guess 2: BRAVE -> Feedback: B(✓) R(✓) A(x) V(x) E(x)
Guess 3: BRISK -> Feedback: B(✓) R(✓) I(✓) S(✓) K(✓)

### Response Format:
Think through the problem and feedback step by step. Make sure to first add your step-by-step thought process within <think> </think> tags. Then, return your guessed word in the following format: <guess> guessed-word </guess>.
<|im_end|><|im_user|>user<|im_middle|>Make your first 5-letter word guess.<|im_end|><|im_assistant|>assistant<|im_middle|>","[{'role': 'system', 'content': '### Game Rules:\n- You have **6 tries** to guess a secret **5-letter** word.\n- Each guess must be a valid **5-letter English word**.\n- After each guess, you will receive feedback indicating how close your guess was.\n\n### Feedback Format:\nEach letter in your guess will receive one of three symbols:\n1. ✓ : The letter is in the word and in the CORRECT position.\n2. - : The letter is in the word but in the WRONG position.\n3. x : The letter is NOT in the word.\n\n### Example:\nSecret Word: BRISK\n\nGuess 1: STORM -> Feedback: S(-) T(x) O(x) R(-) M(x)\nGuess 2: BRAVE -> Feedback: B(✓) R(✓) A(x) V(x) E(x)\nGuess 3: BRISK -> Feedback: B(✓) R(✓) I(✓) S(✓) K(✓)\n\n### Response Format:\nThink through the problem and feedback step by step. Make sure to first add your step-by-step thought process within <think> </think> tags. Then, return your guessed word in the following format: <guess> guessed-word </guess>.\n'}, {'role': 'user', 'content': 'Make your first 5-letter word guess.'}]","<think>
This is the first guess, so I have no prior information to work with. The goal here is to choose a word that maximizes information gain by testing common letters and letter positions. 

A good first guess should:
1. Use common letters that appear frequently in English words.
2. Avoid repeating letters to test as many distinct letters as possible.
3. Have a mix of vowels and consonants to cover likely letter combinations.

Common letters in English include E, A, R, I, O, T, N, S, L, C. A strong starting word like ""SLATE"" covers:
- S (very common consonant)
- L (common consonant)
- A (most common vowel)
- T (very common consonant)
- E (most common letter overall)

This should give good feedback on multiple common letters and their positions.
</think>

<guess>SLATE</guess>",SLATE,"This is the first guess, so I have no prior information to work with. The goal here is to choose a word that maximizes information gain by testing common letters and letter positions. 

A good first guess should:
1. Use common letters that appear frequently in English words.
2. Avoid repeating letters to test as many distinct letters as possible.
3. Have a mix of vowels and consonants to cover likely letter combinations.

Common letters in English include E, A, R, I, O, T, N, S, L, C. A strong starting word like ""SLATE"" covers:
- S (very common consonant)
- L (common consonant)
- A (most common vowel)
- T (very common consonant)
- E (most common letter overall)

This should give good feedback on multiple common letters and their positions.",Guess 1: SLATE -> FEEDBACK: S(x) L(x) A(-) T(x) E(x),FAIL
moonshotai/Kimi-K2-Instruct,2,mafia,"<|im_system|>system<|im_middle|>### Game Rules:
- You have **6 tries** to guess a secret **5-letter** word.
- Each guess must be a valid **5-letter English word**.
- After each guess, you will receive feedback indicating how close your guess was.

### Feedback Format:
Each letter in your guess will receive one of three symbols:
1. ✓ : The letter is in the word and in the CORRECT position.
2. - : The letter is in the word but in the WRONG position.
3. x : The letter is NOT in the word.

### Example:
Secret Word: BRISK

Guess 1: STORM -> Feedback: S(-) T(x) O(x) R(-) M(x)
Guess 2: BRAVE -> Feedback: B(✓) R(✓) A(x) V(x) E(x)
Guess 3: BRISK -> Feedback: B(✓) R(✓) I(✓) S(✓) K(✓)

### Response Format:
Think through the problem and feedback step by step. Make sure to first add your step-by-step thought process within <think> </think> tags. Then, return your guessed word in the following format: <guess> guessed-word </guess>.
<|im_end|><|im_user|>user<|im_middle|>Make your first 5-letter word guess.<|im_end|><|im_assistant|>assistant<|im_middle|>This is the first guess, so I have no prior information to work with. The goal here is to choose a word that maximizes information gain by testing common letters and letter positions. 

A good first guess should:
1. Use common letters that appear frequently in English words.
2. Avoid repeating letters to test as many distinct letters as possible.
3. Have a mix of vowels and consonants to cover likely letter combinations.

Common letters in English include E, A, R, I, O, T, N, S, L, C. A strong starting word like ""SLATE"" covers:
- S (very common consonant)
- L (common consonant)
- A (most common vowel)
- T (very common consonant)
- E (most common letter overall)

This should give good feedback on multiple common letters and their positions.

<guess>SLATE</guess><|im_end|><|im_user|>user<|im_middle|>Make a new 5-letter word guess.

Here is some previous feedback: 
Guess 1: SLATE -> FEEDBACK: S(x) L(x) A(-) T(x) E(x)
<|im_end|><|im_assistant|>assistant<|im_middle|>","[{'role': 'system', 'content': '### Game Rules:\n- You have **6 tries** to guess a secret **5-letter** word.\n- Each guess must be a valid **5-letter English word**.\n- After each guess, you will receive feedback indicating how close your guess was.\n\n### Feedback Format:\nEach letter in your guess will receive one of three symbols:\n1. ✓ : The letter is in the word and in the CORRECT position.\n2. - : The letter is in the word but in the WRONG position.\n3. x : The letter is NOT in the word.\n\n### Example:\nSecret Word: BRISK\n\nGuess 1: STORM -> Feedback: S(-) T(x) O(x) R(-) M(x)\nGuess 2: BRAVE -> Feedback: B(✓) R(✓) A(x) V(x) E(x)\nGuess 3: BRISK -> Feedback: B(✓) R(✓) I(✓) S(✓) K(✓)\n\n### Response Format:\nThink through the problem and feedback step by step. Make sure to first add your step-by-step thought process within <think> </think> tags. Then, return your guessed word in the following format: <guess> guessed-word </guess>.\n'}, {'role': 'user', 'content': 'Make your first 5-letter word guess.'}, {'role': 'assistant', 'content': 'This is the first guess, so I have no prior information to work with. The goal here is to choose a word that maximizes information gain by testing common letters and letter positions. \n\nA good first guess should:\n1. Use common letters that appear frequently in English words.\n2. Avoid repeating letters to test as many distinct letters as possible.\n3. Have a mix of vowels and consonants to cover likely letter combinations.\n\nCommon letters in English include E, A, R, I, O, T, N, S, L, C. A strong starting word like ""SLATE"" covers:\n- S (very common consonant)\n- L (common consonant)\n- A (most common vowel)\n- T (very common consonant)\n- E (most common letter overall)\n\nThis should give good feedback on multiple common letters and their positions.\n\n<guess>SLATE</guess>'}, {'role': 'user', 'content': 'Make a new 5-letter word guess.\n\nHere is some previous feedback: \nGuess 1: SLATE -> FEEDBACK: S(x) L(x) A(-) T(x) E(x)\n'}]","<think>
From the feedback on SLATE:

- S(x): S is not in the word at all.
- L(x): L is not in the word at all.
- A(-): A is in the word, but NOT in position 3.
- T(x): T is not in the word at all.
- E(x): E is not in the word at all.

So we now know:
- The word does NOT contain S, L, T, or E.
- It DOES contain the letter A, but not in the 3rd position.

Next guess goals:
1. Keep the letter A (but move it to a different position).
2. Choose entirely new letters to test, avoiding S, L, T, E.
3. Favor common remaining consonants and vowels (R, N, I, O, C, etc.).

A good candidate: ""RAINY""
- R (common consonant)
- A (known to be in the word, now in position 2)
- I (common vowel)
- N (common consonant)
- Y (less common but tests another letter)

This tests 5 new letters while placing A in a new position.
</think>

<guess>RAINY</guess>",RAINY,"From the feedback on SLATE:

- S(x): S is not in the word at all.
- L(x): L is not in the word at all.
- A(-): A is in the word, but NOT in position 3.
- T(x): T is not in the word at all.
- E(x): E is not in the word at all.

So we now know:
- The word does NOT contain S, L, T, or E.
- It DOES contain the letter A, but not in the 3rd position.

Next guess goals:
1. Keep the letter A (but move it to a different position).
2. Choose entirely new letters to test, avoiding S, L, T, E.
3. Favor common remaining consonants and vowels (R, N, I, O, C, etc.).

A good candidate: ""RAINY""
- R (common consonant)
- A (known to be in the word, now in position 2)
- I (common vowel)
- N (common consonant)
- Y (less common but tests another letter)

This tests 5 new letters while placing A in a new position.",Guess 2: RAINY -> FEEDBACK: R(x) A(✓) I(-) N(x) Y(x),FAIL
moonshotai/Kimi-K2-Instruct,3,mafia,"<|im_system|>system<|im_middle|>### Game Rules:
- You have **6 tries** to guess a secret **5-letter** word.
- Each guess must be a valid **5-letter English word**.
- After each guess, you will receive feedback indicating how close your guess was.

### Feedback Format:
Each letter in your guess will receive one of three symbols:
1. ✓ : The letter is in the word and in the CORRECT position.
2. - : The letter is in the word but in the WRONG position.
3. x : The letter is NOT in the word.

### Example:
Secret Word: BRISK

Guess 1: STORM -> Feedback: S(-) T(x) O(x) R(-) M(x)
Guess 2: BRAVE -> Feedback: B(✓) R(✓) A(x) V(x) E(x)
Guess 3: BRISK -> Feedback: B(✓) R(✓) I(✓) S(✓) K(✓)

### Response Format:
Think through the problem and feedback step by step. Make sure to first add your step-by-step thought process within <think> </think> tags. Then, return your guessed word in the following format: <guess> guessed-word </guess>.
<|im_end|><|im_user|>user<|im_middle|>Make your first 5-letter word guess.<|im_end|><|im_assistant|>assistant<|im_middle|>This is the first guess, so I have no prior information to work with. The goal here is to choose a word that maximizes information gain by testing common letters and letter positions. 

A good first guess should:
1. Use common letters that appear frequently in English words.
2. Avoid repeating letters to test as many distinct letters as possible.
3. Have a mix of vowels and consonants to cover likely letter combinations.

Common letters in English include E, A, R, I, O, T, N, S, L, C. A strong starting word like ""SLATE"" covers:
- S (very common consonant)
- L (common consonant)
- A (most common vowel)
- T (very common consonant)
- E (most common letter overall)

This should give good feedback on multiple common letters and their positions.

<guess>SLATE</guess><|im_end|><|im_user|>user<|im_middle|>Make a new 5-letter word guess.

Here is some previous feedback: 
Guess 1: SLATE -> FEEDBACK: S(x) L(x) A(-) T(x) E(x)
<|im_end|><|im_assistant|>assistant<|im_middle|>From the feedback on SLATE:

- S(x): S is not in the word at all.
- L(x): L is not in the word at all.
- A(-): A is in the word, but NOT in position 3.
- T(x): T is not in the word at all.
- E(x): E is not in the word at all.

So we now know:
- The word does NOT contain S, L, T, or E.
- It DOES contain the letter A, but not in the 3rd position.

Next guess goals:
1. Keep the letter A (but move it to a different position).
2. Choose entirely new letters to test, avoiding S, L, T, E.
3. Favor common remaining consonants and vowels (R, N, I, O, C, etc.).

A good candidate: ""RAINY""
- R (common consonant)
- A (known to be in the word, now in position 2)
- I (common vowel)
- N (common consonant)
- Y (less common but tests another letter)

This tests 5 new letters while placing A in a new position.

<guess>RAINY</guess><|im_end|><|im_user|>user<|im_middle|>Make a new 5-letter word guess.

Here is some previous feedback: 
Guess 1: SLATE -> FEEDBACK: S(x) L(x) A(-) T(x) E(x)
Guess 2: RAINY -> FEEDBACK: R(x) A(✓) I(-) N(x) Y(x)
<|im_end|><|im_assistant|>assistant<|im_middle|>","[{'role': 'system', 'content': '### Game Rules:\n- You have **6 tries** to guess a secret **5-letter** word.\n- Each guess must be a valid **5-letter English word**.\n- After each guess, you will receive feedback indicating how close your guess was.\n\n### Feedback Format:\nEach letter in your guess will receive one of three symbols:\n1. ✓ : The letter is in the word and in the CORRECT position.\n2. - : The letter is in the word but in the WRONG position.\n3. x : The letter is NOT in the word.\n\n### Example:\nSecret Word: BRISK\n\nGuess 1: STORM -> Feedback: S(-) T(x) O(x) R(-) M(x)\nGuess 2: BRAVE -> Feedback: B(✓) R(✓) A(x) V(x) E(x)\nGuess 3: BRISK -> Feedback: B(✓) R(✓) I(✓) S(✓) K(✓)\n\n### Response Format:\nThink through the problem and feedback step by step. Make sure to first add your step-by-step thought process within <think> </think> tags. Then, return your guessed word in the following format: <guess> guessed-word </guess>.\n'}, {'role': 'user', 'content': 'Make your first 5-letter word guess.'}, {'role': 'assistant', 'content': 'This is the first guess, so I have no prior information to work with. The goal here is to choose a word that maximizes information gain by testing common letters and letter positions. \n\nA good first guess should:\n1. Use common letters that appear frequently in English words.\n2. Avoid repeating letters to test as many distinct letters as possible.\n3. Have a mix of vowels and consonants to cover likely letter combinations.\n\nCommon letters in English include E, A, R, I, O, T, N, S, L, C. A strong starting word like ""SLATE"" covers:\n- S (very common consonant)\n- L (common consonant)\n- A (most common vowel)\n- T (very common consonant)\n- E (most common letter overall)\n\nThis should give good feedback on multiple common letters and their positions.\n\n<guess>SLATE</guess>'}, {'role': 'user', 'content': 'Make a new 5-letter word guess.\n\nHere is some previous feedback: \nGuess 1: SLATE -> FEEDBACK: S(x) L(x) A(-) T(x) E(x)\n'}, {'role': 'assistant', 'content': 'From the feedback on SLATE:\n\n- S(x): S is not in the word at all.\n- L(x): L is not in the word at all.\n- A(-): A is in the word, but NOT in position 3.\n- T(x): T is not in the word at all.\n- E(x): E is not in the word at all.\n\nSo we now know:\n- The word does NOT contain S, L, T, or E.\n- It DOES contain the letter A, but not in the 3rd position.\n\nNext guess goals:\n1. Keep the letter A (but move it to a different position).\n2. Choose entirely new letters to test, avoiding S, L, T, E.\n3. Favor common remaining consonants and vowels (R, N, I, O, C, etc.).\n\nA good candidate: ""RAINY""\n- R (common consonant)\n- A (known to be in the word, now in position 2)\n- I (common vowel)\n- N (common consonant)\n- Y (less common but tests another letter)\n\nThis tests 5 new letters while placing A in a new position.\n\n<guess>RAINY</guess>'}, {'role': 'user', 'content': 'Make a new 5-letter word guess.\n\nHere is some previous feedback: \nGuess 1: SLATE -> FEEDBACK: S(x) L(x) A(-) T(x) E(x)\nGuess 2: RAINY -> FEEDBACK: R(x) A(✓) I(-) N(x) Y(x)\n'}]","<think>
From the two rounds of feedback we now have:

Round 1 (SLATE):  
S(x) L(x) A(-) T(x) E(x)

Round 2 (RAINY):  
R(x) A(✓) I(-) N(x) Y(x)

What we know so far:

Letters that are definitely NOT in the word: S, L, T, E, R, N, Y

Letters that ARE in the word:
- A (position 2 confirmed: A is the second letter)

Letters that are in the word but whose positions we still need to pin down:
- I (because we got I(-) in RAINY)

So the 5-letter word is of the form _ A _ _ _ and it must contain I somewhere other than position 3.

Remaining common letters to test (avoiding the ruled-out ones): C, O, U, D, G, M, P, B, F, H, V, W, K, etc.

To maximize information, we want a word that:
1. Keeps A in position 2.
2. Places I somewhere new (positions 1, 4, or 5).
3. Introduces as many other fresh common consonants as possible.

Candidate words:
- “CABIN” – but N is already ruled out.
- “PAINT” – T and N ruled out.
- “FAIRY” – R and Y ruled out.
- “HAIRY” – R and Y ruled out.
- “GAMIC” – uses G, M, C (three new consonants) and places I in position 4.
- “MUSIC” – U and S (but S ruled out).
- “MAGIC” – keeps A in position 2, places I in position 4, adds M, G, C.

Let’s go with MAGIC.
</think>

<guess>MAGIC</guess>",MAGIC,"From the two rounds of feedback we now have:

Round 1 (SLATE):  
S(x) L(x) A(-) T(x) E(x)

Round 2 (RAINY):  
R(x) A(✓) I(-) N(x) Y(x)

What we know so far:

Letters that are definitely NOT in the word: S, L, T, E, R, N, Y

Letters that ARE in the word:
- A (position 2 confirmed: A is the second letter)

Letters that are in the word but whose positions we still need to pin down:
- I (because we got I(-) in RAINY)

So the 5-letter word is of the form _ A _ _ _ and it must contain I somewhere other than position 3.

Remaining common letters to test (avoiding the ruled-out ones): C, O, U, D, G, M, P, B, F, H, V, W, K, etc.

To maximize information, we want a word that:
1. Keeps A in position 2.
2. Places I somewhere new (positions 1, 4, or 5).
3. Introduces as many other fresh common consonants as possible.

Candidate words:
- “CABIN” – but N is already ruled out.
- “PAINT” – T and N ruled out.
- “FAIRY” – R and Y ruled out.
- “HAIRY” – R and Y ruled out.
- “GAMIC” – uses G, M, C (three new consonants) and places I in position 4.
- “MUSIC” – U and S (but S ruled out).
- “MAGIC” – keeps A in position 2, places I in position 4, adds M, G, C.

Let’s go with MAGIC.",Guess 3: MAGIC -> FEEDBACK: M(✓) A(✓) G(x) I(✓) C(x),FAIL
moonshotai/Kimi-K2-Instruct,4,mafia,"<|im_system|>system<|im_middle|>### Game Rules:
- You have **6 tries** to guess a secret **5-letter** word.
- Each guess must be a valid **5-letter English word**.
- After each guess, you will receive feedback indicating how close your guess was.

### Feedback Format:
Each letter in your guess will receive one of three symbols:
1. ✓ : The letter is in the word and in the CORRECT position.
2. - : The letter is in the word but in the WRONG position.
3. x : The letter is NOT in the word.

### Example:
Secret Word: BRISK

Guess 1: STORM -> Feedback: S(-) T(x) O(x) R(-) M(x)
Guess 2: BRAVE -> Feedback: B(✓) R(✓) A(x) V(x) E(x)
Guess 3: BRISK -> Feedback: B(✓) R(✓) I(✓) S(✓) K(✓)

### Response Format:
Think through the problem and feedback step by step. Make sure to first add your step-by-step thought process within <think> </think> tags. Then, return your guessed word in the following format: <guess> guessed-word </guess>.
<|im_end|><|im_user|>user<|im_middle|>Make your first 5-letter word guess.<|im_end|><|im_assistant|>assistant<|im_middle|>This is the first guess, so I have no prior information to work with. The goal here is to choose a word that maximizes information gain by testing common letters and letter positions. 

A good first guess should:
1. Use common letters that appear frequently in English words.
2. Avoid repeating letters to test as many distinct letters as possible.
3. Have a mix of vowels and consonants to cover likely letter combinations.

Common letters in English include E, A, R, I, O, T, N, S, L, C. A strong starting word like ""SLATE"" covers:
- S (very common consonant)
- L (common consonant)
- A (most common vowel)
- T (very common consonant)
- E (most common letter overall)

This should give good feedback on multiple common letters and their positions.

<guess>SLATE</guess><|im_end|><|im_user|>user<|im_middle|>Make a new 5-letter word guess.

Here is some previous feedback: 
Guess 1: SLATE -> FEEDBACK: S(x) L(x) A(-) T(x) E(x)
<|im_end|><|im_assistant|>assistant<|im_middle|>From the feedback on SLATE:

- S(x): S is not in the word at all.
- L(x): L is not in the word at all.
- A(-): A is in the word, but NOT in position 3.
- T(x): T is not in the word at all.
- E(x): E is not in the word at all.

So we now know:
- The word does NOT contain S, L, T, or E.
- It DOES contain the letter A, but not in the 3rd position.

Next guess goals:
1. Keep the letter A (but move it to a different position).
2. Choose entirely new letters to test, avoiding S, L, T, E.
3. Favor common remaining consonants and vowels (R, N, I, O, C, etc.).

A good candidate: ""RAINY""
- R (common consonant)
- A (known to be in the word, now in position 2)
- I (common vowel)
- N (common consonant)
- Y (less common but tests another letter)

This tests 5 new letters while placing A in a new position.

<guess>RAINY</guess><|im_end|><|im_user|>user<|im_middle|>Make a new 5-letter word guess.

Here is some previous feedback: 
Guess 1: SLATE -> FEEDBACK: S(x) L(x) A(-) T(x) E(x)
Guess 2: RAINY -> FEEDBACK: R(x) A(✓) I(-) N(x) Y(x)
<|im_end|><|im_assistant|>assistant<|im_middle|>From the two rounds of feedback we now have:

Round 1 (SLATE):  
S(x) L(x) A(-) T(x) E(x)

Round 2 (RAINY):  
R(x) A(✓) I(-) N(x) Y(x)

What we know so far:

Letters that are definitely NOT in the word: S, L, T, E, R, N, Y

Letters that ARE in the word:
- A (position 2 confirmed: A is the second letter)

Letters that are in the word but whose positions we still need to pin down:
- I (because we got I(-) in RAINY)

So the 5-letter word is of the form _ A _ _ _ and it must contain I somewhere other than position 3.

Remaining common letters to test (avoiding the ruled-out ones): C, O, U, D, G, M, P, B, F, H, V, W, K, etc.

To maximize information, we want a word that:
1. Keeps A in position 2.
2. Places I somewhere new (positions 1, 4, or 5).
3. Introduces as many other fresh common consonants as possible.

Candidate words:
- “CABIN” – but N is already ruled out.
- “PAINT” – T and N ruled out.
- “FAIRY” – R and Y ruled out.
- “HAIRY” – R and Y ruled out.
- “GAMIC” – uses G, M, C (three new consonants) and places I in position 4.
- “MUSIC” – U and S (but S ruled out).
- “MAGIC” – keeps A in position 2, places I in position 4, adds M, G, C.

Let’s go with MAGIC.

<guess>MAGIC</guess><|im_end|><|im_user|>user<|im_middle|>Make a new 5-letter word guess.

Here is some previous feedback: 
Guess 1: SLATE -> FEEDBACK: S(x) L(x) A(-) T(x) E(x)
Guess 2: RAINY -> FEEDBACK: R(x) A(✓) I(-) N(x) Y(x)
Guess 3: MAGIC -> FEEDBACK: M(✓) A(✓) G(x) I(✓) C(x)
<|im_end|><|im_assistant|>assistant<|im_middle|>","[{'role': 'system', 'content': '### Game Rules:\n- You have **6 tries** to guess a secret **5-letter** word.\n- Each guess must be a valid **5-letter English word**.\n- After each guess, you will receive feedback indicating how close your guess was.\n\n### Feedback Format:\nEach letter in your guess will receive one of three symbols:\n1. ✓ : The letter is in the word and in the CORRECT position.\n2. - : The letter is in the word but in the WRONG position.\n3. x : The letter is NOT in the word.\n\n### Example:\nSecret Word: BRISK\n\nGuess 1: STORM -> Feedback: S(-) T(x) O(x) R(-) M(x)\nGuess 2: BRAVE -> Feedback: B(✓) R(✓) A(x) V(x) E(x)\nGuess 3: BRISK -> Feedback: B(✓) R(✓) I(✓) S(✓) K(✓)\n\n### Response Format:\nThink through the problem and feedback step by step. Make sure to first add your step-by-step thought process within <think> </think> tags. Then, return your guessed word in the following format: <guess> guessed-word </guess>.\n'}, {'role': 'user', 'content': 'Make your first 5-letter word guess.'}, {'role': 'assistant', 'content': 'This is the first guess, so I have no prior information to work with. The goal here is to choose a word that maximizes information gain by testing common letters and letter positions. \n\nA good first guess should:\n1. Use common letters that appear frequently in English words.\n2. Avoid repeating letters to test as many distinct letters as possible.\n3. Have a mix of vowels and consonants to cover likely letter combinations.\n\nCommon letters in English include E, A, R, I, O, T, N, S, L, C. A strong starting word like ""SLATE"" covers:\n- S (very common consonant)\n- L (common consonant)\n- A (most common vowel)\n- T (very common consonant)\n- E (most common letter overall)\n\nThis should give good feedback on multiple common letters and their positions.\n\n<guess>SLATE</guess>'}, {'role': 'user', 'content': 'Make a new 5-letter word guess.\n\nHere is some previous feedback: \nGuess 1: SLATE -> FEEDBACK: S(x) L(x) A(-) T(x) E(x)\n'}, {'role': 'assistant', 'content': 'From the feedback on SLATE:\n\n- S(x): S is not in the word at all.\n- L(x): L is not in the word at all.\n- A(-): A is in the word, but NOT in position 3.\n- T(x): T is not in the word at all.\n- E(x): E is not in the word at all.\n\nSo we now know:\n- The word does NOT contain S, L, T, or E.\n- It DOES contain the letter A, but not in the 3rd position.\n\nNext guess goals:\n1. Keep the letter A (but move it to a different position).\n2. Choose entirely new letters to test, avoiding S, L, T, E.\n3. Favor common remaining consonants and vowels (R, N, I, O, C, etc.).\n\nA good candidate: ""RAINY""\n- R (common consonant)\n- A (known to be in the word, now in position 2)\n- I (common vowel)\n- N (common consonant)\n- Y (less common but tests another letter)\n\nThis tests 5 new letters while placing A in a new position.\n\n<guess>RAINY</guess>'}, {'role': 'user', 'content': 'Make a new 5-letter word guess.\n\nHere is some previous feedback: \nGuess 1: SLATE -> FEEDBACK: S(x) L(x) A(-) T(x) E(x)\nGuess 2: RAINY -> FEEDBACK: R(x) A(✓) I(-) N(x) Y(x)\n'}, {'role': 'assistant', 'content': 'From the two rounds of feedback we now have:\n\nRound 1 (SLATE):  \nS(x) L(x) A(-) T(x) E(x)\n\nRound 2 (RAINY):  \nR(x) A(✓) I(-) N(x) Y(x)\n\nWhat we know so far:\n\nLetters that are definitely NOT in the word: S, L, T, E, R, N, Y\n\nLetters that ARE in the word:\n- A (position 2 confirmed: A is the second letter)\n\nLetters that are in the word but whose positions we still need to pin down:\n- I (because we got I(-) in RAINY)\n\nSo the 5-letter word is of the form _ A _ _ _ and it must contain I somewhere other than position 3.\n\nRemaining common letters to test (avoiding the ruled-out ones): C, O, U, D, G, M, P, B, F, H, V, W, K, etc.\n\nTo maximize information, we want a word that:\n1. Keeps A in position 2.\n2. Places I somewhere new (positions 1, 4, or 5).\n3. Introduces as many other fresh common consonants as possible.\n\nCandidate words:\n- “CABIN” – but N is already ruled out.\n- “PAINT” – T and N ruled out.\n- “FAIRY” – R and Y ruled out.\n- “HAIRY” – R and Y ruled out.\n- “GAMIC” – uses G, M, C (three new consonants) and places I in position 4.\n- “MUSIC” – U and S (but S ruled out).\n- “MAGIC” – keeps A in position 2, places I in position 4, adds M, G, C.\n\nLet’s go with MAGIC.\n\n<guess>MAGIC</guess>'}, {'role': 'user', 'content': 'Make a new 5-letter word guess.\n\nHere is some previous feedback: \nGuess 1: SLATE -> FEEDBACK: S(x) L(x) A(-) T(x) E(x)\nGuess 2: RAINY -> FEEDBACK: R(x) A(✓) I(-) N(x) Y(x)\nGuess 3: MAGIC -> FEEDBACK: M(✓) A(✓) G(x) I(✓) C(x)\n'}]","<think>
Now we have:

1. Letters definitely NOT in the word: S, L, T, E, R, N, Y, G, C  
2. Letters definitely IN the word and their correct positions:
   - M (position 1)  
   - A (position 2)  
   - I (position 4)  

So the pattern so far is: M A _ I _

The remaining positions (3 and 5) must be filled with letters that have not been ruled out.  
Letters still allowed (common ones not yet eliminated): B, D, F, H, J, K, O, P, U, V, W, X, Z.

We need two new letters for positions 3 and 5. Let’s choose common consonants that fit plausible patterns.

Possible candidates:
- MAFIA – F is new, but A is repeated (allowed) and F in position 3; A in position 5.  
- MAFIC – C already ruled out.  
- MAJOR – O, J, R: R is ruled out.  
- MAPLE – P, L: L ruled out.  
- MAXIM – X, M: M already in place and repeating would waste a slot.  
- MAKAI – K, A: A already placed and repeating would waste a slot.  
- MAMBO – M, B, O: M already placed.  
- MABIN – B, N: N ruled out.  

The best fresh combo seems MAFIA:
- M ✓, A ✓, F new, I ✓, A new (but A already confirmed in position 2 so repeating A here tests it in 5th spot).

Let’s try MAFIA.

Pattern check: M A F I A → fits M A _ I _.
</think>

<guess>MAFIA</guess>",MAFIA,"Now we have:

1. Letters definitely NOT in the word: S, L, T, E, R, N, Y, G, C  
2. Letters definitely IN the word and their correct positions:
   - M (position 1)  
   - A (position 2)  
   - I (position 4)  

So the pattern so far is: M A _ I _

The remaining positions (3 and 5) must be filled with letters that have not been ruled out.  
Letters still allowed (common ones not yet eliminated): B, D, F, H, J, K, O, P, U, V, W, X, Z.

We need two new letters for positions 3 and 5. Let’s choose common consonants that fit plausible patterns.

Possible candidates:
- MAFIA – F is new, but A is repeated (allowed) and F in position 3; A in position 5.  
- MAFIC – C already ruled out.  
- MAJOR – O, J, R: R is ruled out.  
- MAPLE – P, L: L ruled out.  
- MAXIM – X, M: M already in place and repeating would waste a slot.  
- MAKAI – K, A: A already placed and repeating would waste a slot.  
- MAMBO – M, B, O: M already placed.  
- MABIN – B, N: N ruled out.  

The best fresh combo seems MAFIA:
- M ✓, A ✓, F new, I ✓, A new (but A already confirmed in position 2 so repeating A here tests it in 5th spot).

Let’s try MAFIA.

Pattern check: M A F I A → fits M A _ I _.",Guess 4: MAFIA -> FEEDBACK: M(✓) A(✓) F(✓) I(✓) A(✓),SUCCESS
